Automated commit on Sat Feb  8 22:24:28 UTC 2025
Automated commit on Sat Feb  8 22:30:29 UTC 2025
Automated commit on Sun Feb  9 22:30:21 UTC 2025
Automated commit on Mon Feb 10 22:30:11 UTC 2025
Automated commit on Tue Feb 11 22:31:33 UTC 2025
Automated commit on Wed Feb 12 22:31:22 UTC 2025
Automated commit on Thu Feb 13 22:31:16 UTC 2025
Automated commit on Fri Feb 14 22:30:42 UTC 2025
Automated commit on Sat Feb 15 22:31:15 UTC 2025
Automated commit on Sun Feb 16 22:29:48 UTC 2025
Automated commit on Mon Feb 17 22:30:33 UTC 2025
Automated commit on Tue Feb 18 22:31:39 UTC 2025
Automated commit on Wed Feb 19 22:29:53 UTC 2025
Automated commit on Thu Feb 20 22:31:31 UTC 2025
Automated commit on Fri Feb 21 22:31:10 UTC 2025
Automated commit on Sat Feb 22 22:29:54 UTC 2025
Automated commit on Sun Feb 23 22:30:19 UTC 2025
Automated commit on Mon Feb 24 22:31:59 UTC 2025
Automated commit on Tue Feb 25 22:32:09 UTC 2025
Automated commit on Wed Feb 26 22:32:07 UTC 2025
Automated commit on Thu Feb 27 22:33:06 UTC 2025
Automated commit on Fri Feb 28 22:31:59 UTC 2025
Automated commit on Sat Mar  1 22:30:55 UTC 2025
Automated commit on Sun Mar  2 22:31:29 UTC 2025
Automated commit on Mon Mar  3 22:32:18 UTC 2025
Automated commit on Tue Mar  4 22:30:50 UTC 2025
Automated commit on Wed Mar  5 22:32:27 UTC 2025
Automated commit on Thu Mar  6 22:32:22 UTC 2025
Automated commit on Fri Mar  7 22:27:34 UTC 2025
Automated commit on Sat Mar  8 22:26:19 UTC 2025
Automated commit on Sun Mar  9 22:27:07 UTC 2025
Automated commit on Mon Mar 10 22:32:23 UTC 2025
Automated commit on Tue Mar 11 22:32:18 UTC 2025
Automated commit on Wed Mar 12 22:32:35 UTC 2025
Automated commit on Thu Mar 13 22:31:42 UTC 2025
Automated commit on Fri Mar 14 22:31:50 UTC 2025
Automated commit on Sat Mar 15 22:32:12 UTC 2025
Automated commit on Sun Mar 16 22:30:39 UTC 2025
Automated commit on Mon Mar 17 22:33:03 UTC 2025
Automated commit on Tue Mar 18 22:32:10 UTC 2025
Automated commit on Wed Mar 19 22:32:38 UTC 2025
Automated commit on Thu Mar 20 22:32:27 UTC 2025
Automated commit on Fri Mar 21 22:32:31 UTC 2025
Automated commit on Sat Mar 22 22:30:50 UTC 2025
Automated commit on Sun Mar 23 22:32:12 UTC 2025
Automated commit on Mon Mar 24 22:33:18 UTC 2025
Automated commit on Tue Mar 25 22:33:32 UTC 2025
Automated commit on Wed Mar 26 22:32:51 UTC 2025
Automated commit on Thu Mar 27 22:34:42 UTC 2025
Automated commit on Fri Mar 28 22:31:20 UTC 2025
Automated commit on Sat Mar 29 22:31:21 UTC 2025
Automated commit on Sun Mar 30 22:31:36 UTC 2025
Automated commit on Mon Mar 31 22:33:31 UTC 2025
Automated commit on Tue Apr  1 22:33:23 UTC 2025
Automated commit on Wed Apr  2 22:32:54 UTC 2025
Automated commit on Thu Apr  3 22:32:43 UTC 2025
Automated commit on Fri Apr  4 22:33:01 UTC 2025
Automated commit on Sat Apr  5 22:32:20 UTC 2025
Automated commit on Sun Apr  6 22:31:36 UTC 2025
Automated commit on Mon Apr  7 22:33:10 UTC 2025
Automated commit on Tue Apr  8 22:33:11 UTC 2025
Automated commit on Wed Apr  9 22:31:58 UTC 2025
Automated commit on Thu Apr 10 22:33:59 UTC 2025
Automated commit on Fri Apr 11 22:34:02 UTC 2025
Automated commit on Sat Apr 12 22:31:46 UTC 2025
Automated commit on Sun Apr 13 22:32:18 UTC 2025
Automated commit on Mon Apr 14 22:33:30 UTC 2025
Automated commit on Tue Apr 15 22:33:40 UTC 2025
Automated commit on Wed Apr 16 22:34:12 UTC 2025
Automated commit on Thu Apr 17 22:32:54 UTC 2025
Automated commit on Fri Apr 18 22:33:20 UTC 2025
Automated commit on Sat Apr 19 22:31:59 UTC 2025
Automated commit on Sun Apr 20 22:33:23 UTC 2025
Automated commit on Mon Apr 21 22:33:25 UTC 2025
Automated commit on Tue Apr 22 22:33:56 UTC 2025
Automated commit on Wed Apr 23 22:34:28 UTC 2025
Automated commit on Thu Apr 24 22:35:10 UTC 2025
Automated commit on Fri Apr 25 22:34:49 UTC 2025
Automated commit on Sat Apr 26 22:31:56 UTC 2025
Automated commit on Sun Apr 27 22:32:19 UTC 2025
Automated commit on Mon Apr 28 22:33:54 UTC 2025
Automated commit on Tue Apr 29 22:33:44 UTC 2025
Automated commit on Wed Apr 30 22:33:46 UTC 2025
Automated commit on Thu May  1 22:34:23 UTC 2025
Automated commit on Fri May  2 22:35:13 UTC 2025
Automated commit on Sat May  3 22:32:47 UTC 2025
Automated commit on Sun May  4 22:32:55 UTC 2025
Automated commit on Mon May  5 22:35:24 UTC 2025
Automated commit on Tue May  6 22:34:14 UTC 2025
Automated commit on Wed May  7 22:35:17 UTC 2025
Automated commit on Thu May  8 22:34:17 UTC 2025
Automated commit on Fri May  9 22:33:39 UTC 2025
Automated commit on Sat May 10 22:31:56 UTC 2025
Automated commit on Sun May 11 22:32:41 UTC 2025
Automated commit on Mon May 12 22:34:36 UTC 2025
Automated commit on Tue May 13 22:35:13 UTC 2025
Automated commit on Wed May 14 22:29:36 UTC 2025
Automated commit on Thu May 15 22:34:26 UTC 2025
Automated commit on Fri May 16 22:33:53 UTC 2025
Automated commit on Sat May 17 22:32:06 UTC 2025
Automated commit on Sun May 18 22:32:52 UTC 2025
Automated commit on Mon May 19 22:34:46 UTC 2025
Automated commit on Tue May 20 22:34:12 UTC 2025
Automated commit on Wed May 21 22:34:42 UTC 2025
Automated commit on Thu May 22 22:35:16 UTC 2025
Automated commit on Fri May 23 22:33:55 UTC 2025
Automated commit on Sat May 24 22:33:03 UTC 2025
Automated commit on Sun May 25 22:33:54 UTC 2025
Automated commit on Mon May 26 22:33:51 UTC 2025
Automated commit on Tue May 27 22:34:26 UTC 2025
Automated commit on Wed May 28 22:34:17 UTC 2025
Automated commit on Thu May 29 22:35:46 UTC 2025
Automated commit on Fri May 30 22:34:25 UTC 2025
Automated commit on Sat May 31 22:33:52 UTC 2025
Automated commit on Sun Jun  1 22:33:56 UTC 2025
Automated commit on Mon Jun  2 22:35:08 UTC 2025
Automated commit on Tue Jun  3 22:35:39 UTC 2025
Automated commit on Wed Jun  4 22:31:09 UTC 2025
Automated commit on Thu Jun  5 22:34:16 UTC 2025
Automated commit on Fri Jun  6 22:35:21 UTC 2025
Automated commit on Sat Jun  7 22:33:45 UTC 2025
Automated commit on Sun Jun  8 22:33:36 UTC 2025
Automated commit on Mon Jun  9 22:36:00 UTC 2025
Automated commit on Tue Jun 10 22:35:08 UTC 2025
Automated commit on Wed Jun 11 22:35:06 UTC 2025
Automated commit on Thu Jun 12 22:34:46 UTC 2025
Automated commit on Fri Jun 13 22:35:22 UTC 2025
Automated commit on Sat Jun 14 22:33:39 UTC 2025
Automated commit on Sun Jun 15 22:33:54 UTC 2025
Automated commit on Mon Jun 16 22:35:30 UTC 2025
Automated commit on Tue Jun 17 22:35:35 UTC 2025
Automated commit on Wed Jun 18 22:34:59 UTC 2025
Automated commit on Thu Jun 19 22:34:55 UTC 2025
Automated commit on Fri Jun 20 22:35:00 UTC 2025
Automated commit on Sat Jun 21 22:33:43 UTC 2025
Automated commit on Sun Jun 22 22:34:08 UTC 2025
Automated commit on Mon Jun 23 22:36:14 UTC 2025
Automated commit on Tue Jun 24 22:36:08 UTC 2025
Automated commit on Wed Jun 25 22:35:18 UTC 2025
Automated commit on Thu Jun 26 22:35:50 UTC 2025
Automated commit on Fri Jun 27 22:37:01 UTC 2025
Automated commit on Sat Jun 28 22:33:54 UTC 2025
Automated commit on Sun Jun 29 22:34:16 UTC 2025
Automated commit on Mon Jun 30 22:35:51 UTC 2025
Automated commit on Tue Jul  1 22:35:38 UTC 2025
Automated commit on Wed Jul  2 22:35:17 UTC 2025
Automated commit on Thu Jul  3 22:35:06 UTC 2025
Automated commit on Fri Jul  4 22:35:20 UTC 2025
Automated commit on Sat Jul  5 22:33:36 UTC 2025
Automated commit on Sun Jul  6 22:35:22 UTC 2025
Automated commit on Mon Jul  7 22:35:17 UTC 2025
Automated commit on Tue Jul  8 22:36:26 UTC 2025
Automated commit on Wed Jul  9 22:36:22 UTC 2025
Automated commit on Thu Jul 10 22:36:11 UTC 2025
Automated commit on Fri Jul 11 22:37:08 UTC 2025
Automated commit on Sat Jul 12 22:35:16 UTC 2025
Automated commit on Sun Jul 13 22:35:52 UTC 2025
Automated commit on Mon Jul 14 22:39:16 UTC 2025
Automated commit on Tue Jul 15 22:38:59 UTC 2025
Automated commit on Wed Jul 16 22:39:37 UTC 2025
Automated commit on Thu Jul 17 22:38:49 UTC 2025
Automated commit on Fri Jul 18 22:37:57 UTC 2025
Automated commit on Sat Jul 19 22:36:36 UTC 2025
Automated commit on Sun Jul 20 22:36:58 UTC 2025
Automated commit on Mon Jul 21 22:38:54 UTC 2025
Automated commit on Tue Jul 22 22:36:47 UTC 2025
Automated commit on Wed Jul 23 22:38:29 UTC 2025
Automated commit on Thu Jul 24 22:38:52 UTC 2025
Automated commit on Fri Jul 25 22:37:50 UTC 2025
Automated commit on Sat Jul 26 22:36:49 UTC 2025
Automated commit on Sun Jul 27 22:38:52 UTC 2025
Automated commit on Mon Jul 28 22:41:44 UTC 2025
Automated commit on Tue Jul 29 22:40:01 UTC 2025
Automated commit on Wed Jul 30 22:39:52 UTC 2025
Automated commit on Thu Jul 31 22:39:26 UTC 2025
Automated commit on Fri Aug  1 22:38:37 UTC 2025
Automated commit on Sat Aug  2 22:37:18 UTC 2025
Automated commit on Sun Aug  3 22:38:35 UTC 2025
Automated commit on Mon Aug  4 22:40:55 UTC 2025
Automated commit on Tue Aug  5 22:40:55 UTC 2025
Automated commit on Wed Aug  6 22:40:39 UTC 2025
Automated commit on Thu Aug  7 22:40:31 UTC 2025
Automated commit on Fri Aug  8 22:36:47 UTC 2025
Automated commit on Sat Aug  9 22:35:53 UTC 2025
Automated commit on Sun Aug 10 22:35:49 UTC 2025
Automated commit on Mon Aug 11 22:35:55 UTC 2025
Automated commit on Tue Aug 12 22:35:19 UTC 2025
Automated commit on Wed Aug 13 22:33:35 UTC 2025
Automated commit on Thu Aug 14 22:35:15 UTC 2025
Automated commit on Fri Aug 15 22:35:32 UTC 2025
Automated commit on Sat Aug 16 22:33:40 UTC 2025
Automated commit on Sun Aug 17 22:34:50 UTC 2025
Automated commit on Mon Aug 18 22:32:37 UTC 2025
Automated commit on Tue Aug 19 22:33:35 UTC 2025
Automated commit on Wed Aug 20 22:32:37 UTC 2025
Automated commit on Thu Aug 21 22:34:00 UTC 2025
Automated commit on Fri Aug 22 22:32:45 UTC 2025
Automated commit on Sat Aug 23 22:31:53 UTC 2025
Automated commit on Sun Aug 24 22:32:54 UTC 2025
Automated commit on Mon Aug 25 22:33:41 UTC 2025
Automated commit on Tue Aug 26 22:32:34 UTC 2025
Automated commit on Wed Aug 27 22:31:55 UTC 2025
Automated commit on Thu Aug 28 22:31:39 UTC 2025
Automated commit on Fri Aug 29 22:31:10 UTC 2025
Automated commit on Sat Aug 30 22:30:44 UTC 2025
Automated commit on Sun Aug 31 22:31:30 UTC 2025
Automated commit on Mon Sep  1 22:31:52 UTC 2025
Automated commit on Tue Sep  2 22:29:55 UTC 2025
Automated commit on Wed Sep  3 22:30:41 UTC 2025
Automated commit on Thu Sep  4 22:30:56 UTC 2025
Automated commit on Fri Sep  5 22:31:07 UTC 2025
Automated commit on Sat Sep  6 22:29:26 UTC 2025
Automated commit on Sun Sep  7 22:30:01 UTC 2025
Automated commit on Mon Sep  8 22:31:21 UTC 2025
Automated commit on Tue Sep  9 22:30:55 UTC 2025
Automated commit on Wed Sep 10 22:31:02 UTC 2025
Automated commit on Thu Sep 11 22:30:32 UTC 2025
Automated commit on Fri Sep 12 22:30:03 UTC 2025
Automated commit on Sat Sep 13 22:28:53 UTC 2025
Automated commit on Sun Sep 14 22:29:35 UTC 2025
Automated commit on Mon Sep 15 22:30:37 UTC 2025
Automated commit on Tue Sep 16 22:28:53 UTC 2025
Automated commit on Wed Sep 17 22:28:17 UTC 2025
Automated commit on Thu Sep 18 22:29:36 UTC 2025
Automated commit on Fri Sep 19 22:30:11 UTC 2025
Automated commit on Sat Sep 20 22:29:17 UTC 2025
Automated commit on Sun Sep 21 22:30:47 UTC 2025
Automated commit on Mon Sep 22 22:30:46 UTC 2025
Automated commit on Tue Sep 23 22:31:22 UTC 2025
Automated commit on Wed Sep 24 22:30:15 UTC 2025
Automated commit on Thu Sep 25 22:30:57 UTC 2025
Automated commit on Fri Sep 26 22:30:46 UTC 2025
Automated commit on Sat Sep 27 22:29:52 UTC 2025
Automated commit on Sun Sep 28 22:30:25 UTC 2025
Automated commit on Mon Sep 29 22:27:53 UTC 2025
Automated commit on Tue Sep 30 22:31:13 UTC 2025
Automated commit on Wed Oct  1 22:31:39 UTC 2025
Automated commit on Thu Oct  2 22:30:53 UTC 2025
Automated commit on Fri Oct  3 22:30:03 UTC 2025
Automated commit on Sat Oct  4 22:29:42 UTC 2025
Automated commit on Sun Oct  5 22:30:01 UTC 2025
Automated commit on Mon Oct  6 22:30:42 UTC 2025
Automated commit on Tue Oct  7 22:31:01 UTC 2025
Automated commit on Wed Oct  8 22:32:08 UTC 2025
Automated commit on Thu Oct  9 22:31:12 UTC 2025
Automated commit on Fri Oct 10 22:30:28 UTC 2025
Automated commit on Sat Oct 11 22:30:00 UTC 2025
Automated commit on Sun Oct 12 22:30:33 UTC 2025
Automated commit on Mon Oct 13 22:31:21 UTC 2025
Automated commit on Tue Oct 14 22:31:42 UTC 2025
Automated commit on Wed Oct 15 22:30:32 UTC 2025
Automated commit on Thu Oct 16 22:29:22 UTC 2025
Automated commit on Fri Oct 17 22:31:21 UTC 2025
Automated commit on Sat Oct 18 22:30:34 UTC 2025
Automated commit on Sun Oct 19 22:31:31 UTC 2025
Automated commit on Mon Oct 20 22:31:40 UTC 2025
Automated commit on Tue Oct 21 22:30:16 UTC 2025
Automated commit on Wed Oct 22 22:28:11 UTC 2025
Automated commit on Thu Oct 23 22:31:56 UTC 2025
Automated commit on Fri Oct 24 22:33:00 UTC 2025
Automated commit on Sat Oct 25 22:30:10 UTC 2025
Automated commit on Sun Oct 26 22:32:14 UTC 2025
Automated commit on Mon Oct 27 22:32:07 UTC 2025
Automated commit on Tue Oct 28 22:33:38 UTC 2025
Automated commit on Wed Oct 29 22:33:23 UTC 2025
Automated commit on Thu Oct 30 22:32:35 UTC 2025
Automated commit on Fri Oct 31 22:33:07 UTC 2025
Automated commit on Sat Nov  1 22:30:39 UTC 2025
Automated commit on Sun Nov  2 22:31:09 UTC 2025
Automated commit on Mon Nov  3 22:33:29 UTC 2025
Automated commit on Tue Nov  4 22:33:28 UTC 2025
Automated commit on Wed Nov  5 22:33:39 UTC 2025
Automated commit on Thu Nov  6 22:33:53 UTC 2025
Automated commit on Fri Nov  7 22:32:41 UTC 2025
Automated commit on Sat Nov  8 22:30:21 UTC 2025
Automated commit on Sun Nov  9 22:31:36 UTC 2025
Automated commit on Mon Nov 10 22:34:36 UTC 2025
Automated commit on Tue Nov 11 22:33:33 UTC 2025
Automated commit on Wed Nov 12 22:31:57 UTC 2025
Automated commit on Thu Nov 13 22:33:53 UTC 2025
Automated commit on Fri Nov 14 22:33:31 UTC 2025
Automated commit on Sat Nov 15 22:30:06 UTC 2025
Automated commit on Sun Nov 16 22:32:27 UTC 2025
Automated commit on Mon Nov 17 22:33:53 UTC 2025
Automated commit on Tue Nov 18 22:34:15 UTC 2025
Automated commit on Wed Nov 19 22:33:29 UTC 2025
Automated commit on Thu Nov 20 22:34:28 UTC 2025
Automated commit on Fri Nov 21 22:33:28 UTC 2025
Automated commit on Sat Nov 22 22:32:48 UTC 2025
Automated commit on Sun Nov 23 22:33:08 UTC 2025
Automated commit on Mon Nov 24 22:33:46 UTC 2025
Automated commit on Tue Nov 25 22:34:50 UTC 2025
Automated commit on Wed Nov 26 22:33:46 UTC 2025
Automated commit on Thu Nov 27 22:33:17 UTC 2025
Automated commit on Fri Nov 28 22:32:59 UTC 2025
Automated commit on Sat Nov 29 22:33:05 UTC 2025
Automated commit on Sun Nov 30 22:33:20 UTC 2025
Automated commit on Mon Dec  1 22:34:38 UTC 2025
Automated commit on Tue Dec  2 22:32:30 UTC 2025
Automated commit on Wed Dec  3 22:35:44 UTC 2025
Automated commit on Thu Dec  4 22:33:53 UTC 2025
Automated commit on Fri Dec  5 22:34:21 UTC 2025
Automated commit on Sat Dec  6 22:33:23 UTC 2025
Automated commit on Sun Dec  7 22:33:01 UTC 2025
Automated commit on Mon Dec  8 22:35:06 UTC 2025
Automated commit on Tue Dec  9 22:33:11 UTC 2025
Automated commit on Wed Dec 10 22:36:18 UTC 2025
Automated commit on Thu Dec 11 22:37:26 UTC 2025
Automated commit on Fri Dec 12 22:35:20 UTC 2025
Automated commit on Sat Dec 13 22:33:23 UTC 2025
Automated commit on Sun Dec 14 22:33:35 UTC 2025
Automated commit on Mon Dec 15 22:37:03 UTC 2025
Automated commit on Tue Dec 16 22:34:07 UTC 2025
Automated commit on Wed Dec 17 22:37:05 UTC 2025
Automated commit on Thu Dec 18 22:36:09 UTC 2025
Automated commit on Fri Dec 19 22:35:47 UTC 2025
Automated commit on Sat Dec 20 22:33:16 UTC 2025
Automated commit on Sun Dec 21 22:34:33 UTC 2025
Automated commit on Mon Dec 22 22:36:53 UTC 2025
Automated commit on Tue Dec 23 22:35:09 UTC 2025
Automated commit on Wed Dec 24 22:35:58 UTC 2025
Automated commit on Thu Dec 25 22:35:41 UTC 2025
Automated commit on Fri Dec 26 22:35:57 UTC 2025
Automated commit on Sat Dec 27 22:34:47 UTC 2025
Automated commit on Sun Dec 28 22:36:08 UTC 2025
Automated commit on Mon Dec 29 22:35:48 UTC 2025
Automated commit on Tue Dec 30 22:35:39 UTC 2025
Automated commit on Wed Dec 31 22:36:34 UTC 2025
Automated commit on Thu Jan  1 22:36:20 UTC 2026
Automated commit on Fri Jan  2 22:37:40 UTC 2026
Automated commit on Sat Jan  3 22:35:10 UTC 2026
Automated commit on Sun Jan  4 22:36:25 UTC 2026
Automated commit on Mon Jan  5 22:39:46 UTC 2026
Automated commit on Tue Jan  6 22:39:47 UTC 2026
Automated commit on Wed Jan  7 22:38:13 UTC 2026
Automated commit on Thu Jan  8 22:39:28 UTC 2026
Automated commit on Fri Jan  9 22:38:32 UTC 2026
Automated commit on Sat Jan 10 22:35:48 UTC 2026
Automated commit on Sun Jan 11 22:35:36 UTC 2026
Automated commit on Mon Jan 12 22:34:48 UTC 2026
Automated commit on Tue Jan 13 22:40:51 UTC 2026
Automated commit on Wed Jan 14 22:41:18 UTC 2026
Automated commit on Thu Jan 15 22:39:59 UTC 2026
Automated commit on Fri Jan 16 22:38:50 UTC 2026
Automated commit on Sat Jan 17 22:35:13 UTC 2026
Automated commit on Sun Jan 18 22:35:59 UTC 2026
Automated commit on Mon Jan 19 22:39:35 UTC 2026
Automated commit on Tue Jan 20 22:37:48 UTC 2026
Automated commit on Wed Jan 21 22:46:10 UTC 2026
Automated commit on Thu Jan 22 22:41:59 UTC 2026
Automated commit on Fri Jan 23 22:36:07 UTC 2026
Automated commit on Sat Jan 24 22:36:02 UTC 2026
Automated commit on Sun Jan 25 22:37:06 UTC 2026
Automated commit on Mon Jan 26 22:41:36 UTC 2026
Automated commit on Tue Jan 27 22:38:59 UTC 2026
Automated commit on Wed Jan 28 22:47:15 UTC 2026
Automated commit on Thu Jan 29 22:47:54 UTC 2026
Automated commit on Fri Jan 30 22:46:10 UTC 2026
Automated commit on Sat Jan 31 22:42:26 UTC 2026
Automated commit on Sun Feb  1 22:44:28 UTC 2026
Automated commit on Tue Feb  3 22:50:59 UTC 2026
Automated commit on Wed Feb  4 22:47:04 UTC 2026
Automated commit on Thu Feb  5 22:49:12 UTC 2026
